first_name,last_name,Date
Donielle,Malone,23.04.2018
Dorry,Sworder,26.12.2018
Benedict,Andresen,24.12.2018
Cornell,Miskin,10.12.2018
Theresita,Menguy,28.08.2018
Ethan,Baggaley,14.12.2018
Efren,Sooley,28.04.2018
Kara,Foucard,15.06.2018
Gherardo,Richardon,16.11.2018
Ursula,Impy,25.04.2018
Wyndham,Ramshay,27.08.2018
Ly,Peinke,20.06.2018
Aubree,Cave,11.01.2019
Marlon,Izkovici,17.07.2018
Lulu,Louder,02.09.2018
Con,Childes,24.04.2018
Courtnay,Rabbet,05.06.2018
Linnie,Rallinshaw,14.07.2018
Norrie,Reburn,18.07.2018
Cory,Cordeux,22.09.2018
Luciana,Diable,07.02.2019
Neale,Murty,05.12.2018
Konrad,Snepp,29.08.2018
Ben,Epple,09.10.2018
Willey,Choudhury,18.06.2018
Lew,Pilpovic,27.04.2018
Haydon,Bootton,11.09.2018
Marianna,Goulborn,22.06.2018
Jennifer,Halliday,25.05.2018
Niki,McCurlye,04.08.2018
Elsbeth,McGinny,07.07.2018
Raynor,Linfitt,31.08.2018
Meridith,Tittershill,09.09.2018
Clare,Minshull,30.12.2018
Fayth,Tremoulet,12.09.2018
Hermie,Hendrikse,13.05.2018
Dyane,Ortet,31.10.2018
Patsy,Hartlebury,29.10.2018
Rawley,Borley,07.09.2018
Alair,Sesons,25.03.2019
Elspeth,Dawks,13.09.2018
Carine,Hedditeh,25.10.2018
Janean,Sackett,21.03.2019
Scotty,Dericot,22.10.2018
Dotti,Barlas,09.08.2018
Lennard,Sibson,26.02.2019
Libby,Glencrash,14.03.2019
Clarke,Albiston,20.11.2018
Wright,Bollini,04.07.2018
Wrennie,Krol,28.04.2018
Nikolos,Nyssen,26.10.2018
Gwen,Jocelyn,27.10.2018
Reed,Cake,18.05.2018
Hetty,Lesaunier,01.05.2018
Fannie,Desquesnes,13.06.2018
Melinda,Pashby,14.03.2019
Thomasina,Arnault,08.04.2019
Ambrose,Apple,02.08.2018
Roman,Scneider,10.03.2019
Arabel,Faley,23.07.2018
Langsdon,Rouf,08.09.2018
Blake,Averall,15.03.2019
Jaynell,Vint,01.12.2018
Dorris,Muslim,06.10.2018
Deidre,Adger,18.12.2018
Dougy,Donneely,17.12.2018
Kristin,Scampion,25.09.2018
Lonny,Josefsen,19.08.2018
Tarrah,Plait,29.01.2019
Bartlet,Cockcroft,09.03.2019
Ches,Bortolomei,08.06.2018
Ellswerth,Tyres,08.08.2018
Carita,Sindell,23.11.2018
Randa,Gabey,14.03.2019
Sanders,Pavis,12.01.2019
Frankie,Menego,26.07.2018
Appolonia,Clawsley,05.04.2019
Gerti,Illyes,13.03.2019
Vera,Harmer,08.07.2018
Forest,Catonne,20.05.2018
Nadeen,Tewkesberry,08.02.2019
Randie,Sleith,29.04.2018
Doti,Maes,17.04.2018
Eugine,Aisman,08.07.2018
Kellby,Bridgewood,18.10.2018
Margarita,Westphalen,31.12.2018
Orson,Ralphs,14.08.2018
Diana,Gallgher,15.09.2018
Enrique,Spradbery,28.04.2018
Monica,Jagels,26.10.2018
Astrix,Karet,07.07.2018
Gradey,McAloren,09.09.2018
Pete,Lathe,16.04.2018
Dev,Trinbey,14.06.2018
Rianon,Zecchinii,27.02.2019
Dora,Phipard-Shears,28.05.2018
Teodora,Da Costa,04.08.2018
Beltran,Artharg,20.08.2018
Serge,Straker,28.02.2019
Bartie,Hanmer,21.02.2019
Pepillo,Shoemark,11.03.2019
Bradly,Argrave,01.04.2019
Gorden,Grogono,28.11.2018
Reg,Cornelissen,04.03.2019
Colleen,Guiduzzi,24.05.2018
Bard,Matisoff,04.10.2018
